{"acc": [0.010852713178294573, 0.015503875974767892, 0.01976744186624076, 0.020155038765465566, 0.020930232558139535, 0.026744186046511628, 0.022868217054263566, 0.025968992248062015, 0.029069767447636109, 0.031395348842984949], "loss": [4.5549376095912253, 4.5419479251831998, 4.5358144427454752, 4.5242953692295753, 4.5145627243574271, 4.5134468189505643, 4.5030271848042807, 4.4882223254950473, 4.4652624381605044, 4.4445077275120939], "val_acc": [0.021765417172748061, 0.025392986701164022, 0.027811366386774661, 0.021765417170495769, 0.02660217654396934, 0.024183796729978078, 0.025392986703416311, 0.031438935915190626, 0.031438935921947499, 0.029020556231832275], "val_loss": [4.5433491397797701, 4.5350410554832816, 4.5246983295196204, 4.5184493606871818, 4.5096001336767708, 4.4955966417850002, 4.4916748066478949, 4.4802124993256243, 4.4641074067592044, 4.466199172018805]}