{"acc": [0.021089112561432189, 0.023669948014737503, 0.029439958706907444, 0.035633963792367933, 0.051524536371482701, 0.067046418169630986, 0.093002249009357024, 0.12928142167548973, 0.16696161929100034, 0.20958227333855331, 0.25800980718241406, 0.30785680050141945, 0.35241308114554409, 0.39883125022164145, 0.4479224274600892, 0.498267153323112, 0.55071341665525186, 0.60649633152125459, 0.65379935846266146, 0.70661431255846197, 0.75148398039444086, 0.78892452900632004, 0.81864100579503796, 0.84562917080345013, 0.86858017179891522], "loss": [4.5384752295324287, 4.5053920664451681, 4.4220303085680728, 4.3575750634596684, 4.2359012689306708, 4.1051598410073167, 3.9380195205974546, 3.7162220509966555, 3.489874836477572, 3.2539414542089569, 3.0227896880555001, 2.7809481881771783, 2.5552289697952784, 2.3352298108155636, 2.1162636538449893, 1.902599132057049, 1.6770993142213608, 1.4571324953290823, 1.2542775345645032, 1.0545769098062314, 0.88193357568335151, 0.74746425976440478, 0.63502201280274606, 0.53221450854454477, 0.45895361797703149], "val_acc": [0.020760477376652531, 0.027144046626155851, 0.033638634469619635, 0.043186233690835157, 0.059950041627010439, 0.077713016930335832, 0.10457951706414616, 0.14865389952155375, 0.16108798222875317, 0.218151540371434, 0.25656397445414286, 0.27571468219272699, 0.31157368857795054, 0.32939217317246611, 0.32550652232925792, 0.35764640575476958, 0.35953372187525773, 0.35514848735674598, 0.35054121563873325, 0.36386344710754215, 0.34532334164153061, 0.33344435191736793, 0.33888426309918285, 0.34748820425767285, 0.34499028585634067], "val_loss": [4.5268335603125847, 4.4539857993548093, 4.3918829572223936, 4.30740943784817, 4.1759073211655098, 4.0215313219805742, 3.8751129719471886, 3.6320992226141411, 3.4961250897946705, 3.2431062984095989, 3.0487107393909025, 2.935267275570169, 2.7670309608061379, 2.6839840041310663, 2.7477889808323392, 2.589816649834249, 2.7005121658022393, 2.7877043595156534, 2.9924484897711991, 3.0814683222022943, 3.2583492739346833, 3.4617176100111258, 3.8527260492882265, 3.7469358778780713, 3.8171755105033705]}