{"acc": [0.020351731003344958, 0.024407329572687386, 0.030122036645665869, 0.037274637759112023, 0.051893227150938359, 0.070696456879415823, 0.10183239316745163, 0.13368727647956702, 0.17180990303322632, 0.21653209453066757, 0.26630534970210512, 0.31194926815319873, 0.35916012240204231, 0.40509899346867928, 0.45321314014321085, 0.50151163219627637, 0.5543450208387205, 0.607878921928384, 0.65687792649404653, 0.70386756626557478, 0.74947461564865314, 0.78844523099136576, 0.8201526380023022, 0.84618220698959601, 0.86800870109359518], "loss": [4.5367296949554738, 4.4935924247298953, 4.415318192666696, 4.3423480231233729, 4.2137294134348098, 4.0690219401873717, 3.88415487120339, 3.6847428155983506, 3.4678726122099155, 3.2311184868912592, 2.9893764688813684, 2.7554074629690208, 2.5275878987384219, 2.3032495011025613, 2.0911926440695447, 1.8794771037446147, 1.6553743862980073, 1.4449849080420594, 1.2446170614931571, 1.0571010968187884, 0.88139114657919149, 0.74461596542300801, 0.62630750760872822, 0.53709550613772095, 0.46097955701801491], "val_acc": [0.022148209823491406, 0.029197890646683319, 0.033416597276735793, 0.043630308074948526, 0.064002220371912291, 0.087205106847126748, 0.11806827643299447, 0.14926450179743495, 0.18545656396288557, 0.20066611156210845, 0.26006106021269937, 0.29403275046916327, 0.31579239521131164, 0.33938384677448635, 0.35448237578802033, 0.35470441296766969, 0.35970024977364279, 0.36530668885549705, 0.36114349151001751, 0.36108798222213595, 0.34782126004451719, 0.35592561752274077, 0.35381626420936879, 0.35747987785307594, 0.36036636134567707], "val_loss": [4.5267251794483148, 4.446531378597542, 4.384006912788351, 4.2895103675869812, 4.1401427082111528, 3.9672509467505828, 3.8134025328628494, 3.604152785768914, 3.4129167577540778, 3.3070527028680146, 3.0184181698289079, 2.8500246619437095, 2.7683116690238383, 2.6506677583360418, 2.6127490559518916, 2.6805659626710092, 2.7069522263968682, 2.7008966699627219, 2.8238368467790962, 2.8854026142637035, 3.2653128128067639, 3.337324089928531, 3.5988288564414672, 3.6316358453129651, 3.7602149619680296]}