{"acc": [0.024978800278007425, 0.035818309184224656, 0.051413929137906961, 0.076079342251255053, 0.10043136821175573, 0.13009254138114482, 0.16071231058840862, 0.19055782914979177, 0.22007152601140917, 0.25015669357944537, 0.27587287542378092, 0.30173653357369057, 0.32559082697561498, 0.34636655237692032, 0.36437709693869486, 0.37995428234120104, 0.39868377392101184, 0.41125612948639917, 0.42670427312283277, 0.44460421043990639, 0.45402425984776718, 0.46427386351836508, 0.47723334439845183, 0.48680087011243611, 0.49883862403722234], "loss": [4.4848975428164337, 4.3662764587369995, 4.2245614903912765, 4.0715052134448424, 3.894293980749115, 3.7153472827079748, 3.5333938998678143, 3.3590794120246108, 3.1965023234843137, 3.0477558613720093, 2.9171209094737374, 2.7884952786423853, 2.6749749043801541, 2.5743951825877933, 2.4898555925830084, 2.4088639400351939, 2.3201146246571809, 2.2623564920800585, 2.1960228653918921, 2.1190708865767069, 2.0658563067242093, 2.0123301543251708, 1.9576194260854642, 1.9160128965695313, 1.856280082965923], "val_acc": [0.02880932556203164, 0.022314737716913554, 0.036414099358334465, 0.044351928946444498, 0.049458784344723714, 0.068665001386078145, 0.096530668880421361, 0.098917568689447427, 0.13327782402725441, 0.17185678600338541, 0.20271995558925315, 0.22869830696145396, 0.23952262002727637, 0.25734110462344623, 0.27499306132453966, 0.26261448791680186, 0.25262281430485578, 0.30713294474839703, 0.27216208713801743, 0.30535664722683231, 0.29075770190349065, 0.33538717733897205, 0.30646683317305412, 0.3336108798074815, 0.35592561751777785], "val_loss": [4.534289376589447, 4.503376011500384, 4.4509024764311631, 4.3951338365678154, 4.3443375427591251, 4.2661859064475385, 4.16460632643963, 4.133388836490357, 4.0605486780347144, 3.9435435055296786, 3.7917447229375316, 3.7139834345760128, 3.6956203836154646, 3.6514218765134916, 3.5574207247941323, 3.5541209943487084, 3.5645842761554025, 3.4684225928872747, 3.4631415961882555, 3.4442994346692766, 3.4514374169316056, 3.3616306411204255, 3.3014613144006657, 3.2957361016179534, 3.2453613452503758]}