{"acc": [0.021439368801386277, 0.027541201194832821, 0.039707996903134805, 0.053662942889935672, 0.071065147658459435, 0.090034288242725746, 0.12188917155236888, 0.15520038343950898, 0.19656748884545575, 0.25013825904049319, 0.30752497879863205, 0.37984367511737699, 0.46399734543627996, 0.55891678650435528, 0.64244368247910599, 0.71225528148661954, 0.7693286140957567, 0.81712937360095916, 0.8504590200243044, 0.87774213767572962, 0.90159643109083942, 0.91853777237251055, 0.92863989973368866, 0.94123068980945979, 0.95210706780443188], "loss": [4.5501799249404682, 4.4584994415079553, 4.3281973780016809, 4.2155030740554302, 4.1130928034645811, 3.9833155532056055, 3.7787984091461229, 3.5602230435692666, 3.335361750064441, 3.0666428507154495, 2.7807024244985605, 2.4401325509597678, 2.0779867044782252, 1.7030830503200107, 1.3717594589670381, 1.0898024868667158, 0.86717569854404264, 0.69125493048865616, 0.55878020944142814, 0.45967919832968418, 0.37661740373480407, 0.31427141390096708, 0.27360780932965439, 0.2344350162295383, 0.19142857688344764], "val_acc": [0.022148209823491406, 0.034526783234537756, 0.047127393833505025, 0.05356647238081573, 0.07443796835473733, 0.10008326394009386, 0.11229530946102667, 0.14160421869836184, 0.16491812377415396, 0.18068276435145067, 0.18695531500203061, 0.18562309185961634, 0.19328337495538087, 0.18046072716022113, 0.17973910629699669, 0.17330002774803169, 0.17973910628541656, 0.18018318067780145, 0.17441021370417933, 0.18329170135501488, 0.17424368580579427, 0.17785179016658276, 0.17885095753042426, 0.17807382735946659, 0.18079378295202836], "val_loss": [4.5303308276246064, 4.3781436285706583, 4.2651486388054813, 4.1892804199544846, 4.0927421616674167, 3.9333368723041113, 3.8642676438155057, 3.670220514340365, 3.5587616410944949, 3.5656857725451001, 3.4965070203711779, 3.5983709576723477, 3.7257280565982325, 4.0758147676024805, 4.4183998253753769, 5.1147413895919591, 5.4702680436631157, 4.9181211021321696, 5.1014229070137782, 5.3496454163719935, 6.3252326367134986, 6.068242329516214, 5.965083113359869, 5.6190519918642403, 6.3563258220048997]}