{"acc": [0.021439368801386277, 0.024554805884442182, 0.029919256719526797, 0.03705342329388342, 0.05362607381024579, 0.074401799211276431, 0.10476348486304596, 0.13755852966446952, 0.17560741806177071, 0.21850459019580395, 0.26492275927739523, 0.31353463850858021, 0.35726136488447374, 0.40454595729681753, 0.45360026545516335, 0.49937322567342829, 0.54776389042070528, 0.59868008702420927, 0.64895107471604041, 0.69898241346082746, 0.74388895034614233, 0.78051837924192802, 0.81189396453634222, 0.84035689269389235, 0.86336319730181887], "loss": [4.5384194013823915, 4.503242798313579, 4.4218525329759739, 4.3464227686482833, 4.2095779404546843, 4.0524508853500691, 3.8626528400167559, 3.65443020898394, 3.4396759273775319, 3.2076133689104016, 2.9833084352203771, 2.7516802150943049, 2.5288528024335002, 2.3069380891273426, 2.0978929531353172, 1.8910491185848795, 1.6810815272612352, 1.4695923344266102, 1.2654444936699858, 1.0784943193231313, 0.90483208114988434, 0.77215690034480899, 0.65273168842705398, 0.5557929633030545, 0.47366812443595208], "val_acc": [0.0221482098218371, 0.029530946428564697, 0.032417429916202903, 0.046183735775742439, 0.060616153204007643, 0.092367471543213342, 0.11884540659898922, 0.14876491811716852, 0.1998889813944594, 0.20999167359374876, 0.27127393837309927, 0.28259783512745967, 0.30607826808840244, 0.34049403272567114, 0.34926450178750912, 0.36369691920915709, 0.36841520953105616, 0.36214265886889607, 0.35181792948664875, 0.35481543157321033, 0.34660005549440903, 0.36108798221882732, 0.35215098526853011, 0.35187343878280181, 0.35903413819664554], "val_loss": [4.5271645810913119, 4.4630302269062403, 4.4056754736115531, 4.2756176895344886, 4.1446658821063611, 3.9342824141184489, 3.7515876278492137, 3.611872929213876, 3.3565397325701558, 3.2516479688057327, 2.9676044321576325, 2.8865542945681826, 2.8048689054509781, 2.6353691934844439, 2.6464280745865998, 2.5986483078018812, 2.6743646365220499, 2.7277476654825628, 2.9151328959929557, 3.06624358291266, 3.1514177558754937, 3.2674126794726659, 3.6513759827964543, 3.521589788634877, 3.9368134188513078]}