{"acc": [0.020849463555053838, 0.026195479851186275, 0.030804114589094128, 0.04002138406532188, 0.057460457914496964, 0.080282417132352277, 0.11123400803800837, 0.14533790509459835, 0.18589389079763699, 0.23146407109017492, 0.2799469085300153, 0.32750801902664178, 0.37809239391911736, 0.42559820079888733, 0.47607196845325472, 0.52826014821369316, 0.57987685727540428, 0.63044279763881683, 0.68489842567279291, 0.73586992588436317, 0.774545588623619, 0.80693507357139094, 0.8350293109081437, 0.86281016113764852, 0.8781845666083844], "loss": [4.5367620350033535, 4.4898482122872378, 4.4082860395153531, 4.3242122458834977, 4.1796178830231208, 4.012578470782624, 3.8224783054043514, 3.6233419980930024, 3.3948520851078996, 3.1607776793811944, 2.9126018816991501, 2.6767361365302369, 2.4425123408933973, 2.2222332826596167, 2.0000914111010988, 1.772207002699896, 1.5592113328060033, 1.3387818307918429, 1.1395380713615042, 0.952033752590419, 0.79663200154573666, 0.67936845152171421, 0.57364595463127965, 0.48498070315836855, 0.42512815955689676], "val_acc": [0.022148209823491406, 0.027643630306422296, 0.03619206216875924, 0.042464612820993487, 0.061171246180427165, 0.095253955035814464, 0.12145434358766467, 0.16347488203612492, 0.19017485427485881, 0.23824590617770655, 0.26699972244193082, 0.28803774630762025, 0.31890091588687075, 0.3385512073156472, 0.34066056062240185, 0.34993061336285203, 0.35381626420936879, 0.35548154313366448, 0.35281709684387302, 0.35098529002119228, 0.35398279209948236, 0.34987510406008171, 0.35931168469064539, 0.34948653898370158, 0.35653621979365901], "val_loss": [4.526044276949766, 4.4561277655538767, 4.3694825878614454, 4.2979533827308147, 4.1392427792523989, 3.9075883985657578, 3.7792436761985777, 3.516352283904991, 3.4200294386768157, 3.1384307316598248, 3.0249074860212044, 2.8842029183499189, 2.7430464578343203, 2.6498829147466978, 2.6863667693959981, 2.6875269946607325, 2.8230674347148286, 2.9013672635716068, 2.9970926046172943, 3.1867558102921385, 3.3180437821333455, 3.65385878346147, 3.6523347996752227, 3.8296734588330832, 3.9227562473973663]}