{"acc": [0.026103307154090451, 0.036850643365546776, 0.052483132397133453, 0.067415108948262553, 0.08916786491197326, 0.11252442576191407, 0.13711610072961719, 0.16310880064917047, 0.18355270434246915, 0.21002470228274531, 0.23603583673493278, 0.25804667625702205, 0.2807580282455594, 0.29845518564239998, 0.31840135678646203, 0.33733362827716629, 0.35018250193123146, 0.36504074033493006, 0.38168712901479263, 0.39632415292414486, 0.40935737197212696, 0.42338605611693414, 0.43492607750978962, 0.44816207646646755, 0.45772960219253844, 0.46672565719131365, 0.48021973971419907, 0.48991630719535467, 0.49883862405919804, 0.50962282933523595, 0.51495041109241624, 0.52573461638713348, 0.53120967445702993, 0.54149614717916139, 0.54656564540419661, 0.55712863620731434, 0.56573756590567437, 0.57530509163064647, 0.57805183793671899, 0.58455923018683875, 0.59420049402586583, 0.59906721232462457, 0.60585112265902707, 0.60861630351723717, 0.6166353279460528, 0.61895807984303974, 0.62393540536012859, 0.62784352763117635, 0.63287615675193631, 0.63973380525533297], "loss": [4.4752500829621766, 4.3595046736702425, 4.2350748351368939, 4.1074317481117575, 3.9693301199143805, 3.8239490644192444, 3.6808835231233337, 3.5394168905780603, 3.4076364787108462, 3.2704293744839985, 3.1421204701517067, 3.0243887794943847, 2.9109448666145892, 2.8196537870443601, 2.7231085617598612, 2.6321590395050758, 2.5572311681214326, 2.4796543181814972, 2.413643793252279, 2.3421394300729799, 2.2831696513936532, 2.2162566363352201, 2.1646435810867999, 2.1041621421680281, 2.0527732253527344, 2.0039685514478411, 1.948790462522588, 1.9077031773961461, 1.8686294459015009, 1.8239919308368222, 1.7859080266236986, 1.7333778328008278, 1.7056730800738082, 1.6716792013152653, 1.6348056952844252, 1.6044017151605194, 1.5661097236805308, 1.5287164752209024, 1.5114982617190158, 1.4861360509957386, 1.4443738511128794, 1.4230360335904282, 1.3934116840837223, 1.3768890476576658, 1.3524187601663518, 1.3400242734007246, 1.3134417924118689, 1.2961647934659244, 1.2812207295462756, 1.2580879125843683], "val_acc": [0.024812656116591471, 0.024646128226477933, 0.03313905078935319, 0.043241742988642543, 0.051235081876214263, 0.059894532334165973, 0.087982237016430112, 0.080432972517934673, 0.11329447681825094, 0.13133499860234171, 0.16636136552210884, 0.20072162085826153, 0.14793227865667499, 0.17751873438635568, 0.2449070219129382, 0.22642242574969695, 0.20344157645744051, 0.26200388564422927, 0.26794338050961924, 0.26311407159706834, 0.24579517068281923, 0.28354149319183947, 0.28537330001452021, 0.27255065221274327, 0.26894254786518923, 0.29858451289433158, 0.26999722451856656, 0.26461282263621339, 0.30591174020656042, 0.27438245904865843, 0.31534832082719827, 0.31795725783076245, 0.268220926987076, 0.28159866776196385, 0.30940882597007985, 0.28082153759596912, 0.29714127114803102, 0.30385789618272435, 0.31223980015329345, 0.26516791561925013, 0.31651401608942481, 0.30369136828930221, 0.30024979183020739, 0.29353316678724256, 0.2983069664119119, 0.28870385787303732, 0.28331945599233843, 0.32411878988407333, 0.30935331666234661, 0.2964751595660709], "val_loss": [4.5294831084834515, 4.5130510107332089, 4.4708290824816022, 4.4420873924390891, 4.4142603633604276, 4.3596900362919477, 4.2692225845330558, 4.2614508504970781, 4.1617332445791027, 4.0880620319579268, 3.9890057573839917, 3.9041622123617681, 4.0134298000340989, 3.919082421697976, 3.8005355093699511, 3.7308602275631344, 3.8355766963138205, 3.6807160151458072, 3.6101031435220863, 3.6215975475549498, 3.6414614340480154, 3.5645590725522092, 3.4664687729464152, 3.4882658089990586, 3.5297119977968521, 3.4279170555503309, 3.5262679599769373, 3.4770022064720365, 3.3629847151618382, 3.5359880672902686, 3.3208700720680908, 3.3340347038187517, 3.4608804196144125, 3.4050193531196249, 3.2993212427260508, 3.3828040731505755, 3.3699628268947808, 3.3347669596411338, 3.2303481749418936, 3.3499140588700556, 3.1714216554690955, 3.2885351939496483, 3.2327332958657644, 3.2716985049129956, 3.260745269233837, 3.2242563853421347, 3.2867605725494053, 3.1666051800304609, 3.1591872858332821, 3.1867129600216804]}