{"acc": [0.32585166620420325, 0.52991738606216321, 0.58739441195913511, 0.61338531514412731, 0.62946254525423206, 0.63811380302663701, 0.64481574306467682, 0.6497354497387694, 0.6529843126356486, 0.65597326650068888, 0.65870231133720991, 0.66061449921541671, 0.66248955722695257, 0.66369627773357853, 0.66588693957225664, 0.66655527708269946, 0.66779912745046333, 0.66911723754050323, 0.66995265942966331, 0.67067669173374955, 0.67188341223539594, 0.67227327578647389, 0.67309013274368179, 0.67336860670525966, 0.674092639005473], "loss": [4.0823953500843464, 3.2793520224102135, 2.7727336952726809, 2.4623786566904369, 2.2601176042316862, 2.1189422727284031, 2.0151042969570092, 1.9354091687907551, 1.8721608828493539, 1.8205937262089551, 1.7777348024714772, 1.7415107561974741, 1.710361951795957, 1.6833549125429361, 1.6596012200041534, 1.6385972143315033, 1.6198937487372069, 1.6030666422049427, 1.5879021868736289, 1.574062870348395, 1.5614778448454707, 1.5499217796223881, 1.5392794876524436, 1.5294284755336223, 1.5203134227969748], "val_acc": [0.32463103756708406, 0.37656529516994636, 0.39439847942754919, 0.40082737030411447, 0.40295169946332737, 0.40524373881932019, 0.40692084078711988, 0.40747987477638642, 0.40882155635062611, 0.41038685152057247, 0.41027504472271914, 0.41105769230769229, 0.41094588550983902, 0.41144901610017887, 0.41217576028622538, 0.41284660107334525, 0.41262298747763865, 0.41301431127012522, 0.41290250447227189, 0.41329382826475852, 0.41402057245080504, 0.4136851520572451, 0.41374105545617174, 0.41396466905187834, 0.41452370304114489], "val_loss": [3.8912411154062889, 3.4488134612337635, 3.1903523148065815, 3.0331025209964282, 2.9304051861993314, 2.8596290025813422, 2.8084599488749702, 2.7701916655189023, 2.7407290011057914, 2.7177578421952684, 2.699338877990122, 2.6846413024849456, 2.6726756573576407, 2.6626442053450243, 2.6543537126670795, 2.6475825391856418, 2.6418398026916763, 2.6370419091103541, 2.6329094894990086, 2.6295680669744455, 2.62674478917301, 2.6242241588602764, 2.6221875561158003, 2.6206454113259086, 2.6192244183078861]}