{"acc": [0.32677991274510165, 0.52694699712464887, 0.58919521025116151, 0.6136266592412476, 0.6292026362234997, 0.63707416690204799, 0.64476004827103328, 0.64912280702197012, 0.6528914879836335, 0.65647451963352088, 0.65838670751006778, 0.66048454469949724, 0.6621925183350823, 0.66339923884115504, 0.66596119929785225, 0.66677805625506015, 0.66765060800480491, 0.66863454933851685, 0.66965562053502659, 0.67065812680290393, 0.67154924347962131, 0.67184628237481125, 0.67294161329581015, 0.67340573656418456, 0.6739255546278623, 0.67429685324477495, 0.67492806089629287, 0.67598626195338729, 0.67617191126184362, 0.67678455397974957, 0.67717441752584795, 0.67825118351876768, 0.6782697484496133, 0.678938085960056, 0.6795507286768554, 0.67968068319166819, 0.68014480646391562, 0.6803118908393132, 0.68101735821144727, 0.68094309848751144, 0.68205699434101574, 0.68201986448043106, 0.68250255268131099, 0.68259537733387932, 0.68315232526090808, 0.68398774714785504, 0.68361644853315551, 0.68435904576587425, 0.68448900027847392, 0.68474890931252597, 0.68484173396896719, 0.68528729230815588, 0.68589993502329527, 0.68575141557597696, 0.68623410378238969, 0.68595562981749203, 0.68664253225822713, 0.68690244129061928, 0.68693957115341708, 0.68725517497557975, 0.68766360345750333, 0.68799777221161817, 0.68790494755462361, 0.68831337603599396, 0.68840620068800895, 0.6888331940996717, 0.68853615520724809, 0.68890745382305418, 0.68926018751022777, 0.68961292119408168, 0.68918592778463217, 0.68911166806346269, 0.68946440174621004, 0.68970574584720323, 0.69000278474405308, 0.69013273925997254, 0.69016986911945066, 0.69015130418860504, 0.69035551843012011, 0.69039264829070479, 0.6905968625311133, 0.69087533649047816, 0.69061542746085236, 0.69089390142464346, 0.6908939014235369, 0.69148797921059713, 0.69107955073033334, 0.6913023299021408, 0.69154367400036765, 0.69171075838185125, 0.6919521024800781, 0.69174788824243594, 0.69217488165188557, 0.6923234010997571, 0.69211918685768881, 0.69267613478582413, 0.69254618026879822, 0.69304743339886388, 0.69289891395486525, 0.69321451777647458], "loss": [4.0806756068856167, 3.280344407303712, 2.7737057300682002, 2.4627720012114174, 2.2600000102219227, 2.1186573210172441, 2.0147562669222703, 1.9349864259620879, 1.8717780168725069, 1.820243436936315, 1.777425874008792, 1.7412063498644403, 1.7101460152766526, 1.6831570173365531, 1.659464130741988, 1.638458792271194, 1.6197938686690601, 1.6029576790285212, 1.5877999127171205, 1.5739617869392097, 1.5614364996268912, 1.5498412489061135, 1.5392222953021975, 1.5293693393449492, 1.5202388110205534, 1.5117603868425893, 1.5037970532063465, 1.4963939317983692, 1.4893938988859381, 1.4828653455477709, 1.4766146237456477, 1.4707974378438333, 1.4652796279418041, 1.4600055216813412, 1.4550159755417489, 1.4502619823395437, 1.4457010665953929, 1.4413628228215534, 1.4371985142989863, 1.4332203052706298, 1.429428900244242, 1.4257639932906871, 1.4222120534451927, 1.418828750637086, 1.4155721551449332, 1.4124170600123074, 1.4093563666330853, 1.4064034627914253, 1.4035655363681843, 1.4007989425762311, 1.3981126507045853, 1.395524833970976, 1.3930070713039318, 1.3905664113225638, 1.388169391938906, 1.3858680040759097, 1.3836373466508343, 1.3814248455231384, 1.3792913748562241, 1.377203785980311, 1.3751585979730785, 1.3731774695811692, 1.3712399988113357, 1.3693446507662395, 1.3675132059203343, 1.3656729438726942, 1.3639193580928071, 1.3621564579620828, 1.3604907701221955, 1.3588220946826191, 1.357216374631558, 1.3555950161895745, 1.3540393148005911, 1.352511743794109, 1.3509812842169633, 1.3495232032133899, 1.3480441894215218, 1.3466016576746695, 1.3452079348363639, 1.3438199147932002, 1.3425020270965939, 1.3411471243872015, 1.3398078967986482, 1.3385190939799243, 1.3372673424706867, 1.3359756878753963, 1.3347919730835613, 1.3335328732361913, 1.3323315676635414, 1.3311557208596525, 1.3300036153188712, 1.328853649554407, 1.3276904727073031, 1.326612342296952, 1.3255000936435057, 1.3244171020901214, 1.323345274120987, 1.3222847139471301, 1.3212336627927805, 1.3201829240435645], "val_acc": [0.32256261180679785, 0.38109347048300535, 0.39400715563506261, 0.40026833631484793, 0.4044051878354204, 0.40569096601073346, 0.40675313059033991, 0.40876565295169948, 0.4094364937388193, 0.41049865831842575, 0.41088998211091232, 0.41139311270125223, 0.41139311270125223, 0.41144901610017887, 0.41234347048300535, 0.41200805008944547, 0.41295840787119859, 0.41245527728085868, 0.41318202146690519, 0.4134056350626118, 0.41312611806797855, 0.41396466905187834, 0.41407647584973167, 0.4139087656529517, 0.41379695885509837, 0.41418828264758495, 0.41413237924865831, 0.41430008944543828, 0.41497093023255816, 0.41513864042933812, 0.41502683363148479, 0.41463550983899822, 0.41491502683363146, 0.41519454382826476, 0.41508273703041143, 0.41575357781753131, 0.41564177101967797, 0.41530635062611809, 0.41485912343470482, 0.41536225402504473, 0.41631261180679785, 0.41569767441860467, 0.41648032200357782, 0.41636851520572449, 0.41614490161001788, 0.41603309481216461, 0.41625670840787121, 0.41625670840787121, 0.41648032200357782, 0.41614490161001788, 0.41642441860465118, 0.41631261180679785, 0.41670393559928443, 0.41636851520572449, 0.41698345259391772, 0.417095259391771, 0.41726296958855097, 0.41748658318425758, 0.41776610017889088, 0.41754248658318427, 0.41765429338103754, 0.41815742397137745, 0.41765429338103754, 0.41771019677996424, 0.41826923076923078, 0.41810152057245081, 0.41838103756708406, 0.41826923076923078, 0.41826923076923078, 0.41849284436493739, 0.41838103756708406, 0.41832513416815742, 0.41838103756708406, 0.41821332737030409, 0.41815742397137745, 0.41849284436493739, 0.41849284436493739, 0.418716457960644, 0.41838103756708406, 0.41866055456171736, 0.41860465116279072, 0.41888416815742396, 0.41888416815742396, 0.41905187835420393, 0.41860465116279072, 0.41877236135957069, 0.41860465116279072, 0.41882826475849733, 0.41826923076923078, 0.418716457960644, 0.418716457960644, 0.41899597495527729, 0.4189400715563506, 0.41877236135957069, 0.41882826475849733, 0.41854874776386403, 0.41877236135957069, 0.41854874776386403, 0.41849284436493739, 0.41838103756708406],