{"acc": [0.029624304096291902, 0.048777790068019806, 0.066069387605165397, 0.075139180769088959, 0.084135235775555636, 0.092062087530487294, 0.09825609261292613, 0.10612764074770489, 0.11366736717694928, 0.12152048077607222, 0.13033219039246768, 0.13787191682445904, 0.14358662389688812, 0.15105261217471891, 0.15938502378165403, 0.16421487298437845, 0.17147808132879072, 0.17835416436125051, 0.18322088264407685, 0.18934114957839845, 0.19407882608416438, 0.20412564981859685, 0.20856837370607242, 0.21310327028775952, 0.21717730339124694], "loss": [4.4487841406108677, 4.2310784504318057, 4.1039941199509808, 4.0189289212143358, 3.9437821359799305, 3.8897179099208365, 3.8395706079695615, 3.7816215367003037, 3.7372380054722676, 3.6828417292792057, 3.6260294644735831, 3.5748746756655021, 3.53065640444742, 3.4838895006517006, 3.4227010361130281, 3.3826235834574647, 3.3386670547271291, 3.2978032288753329, 3.2660533504685096, 3.2262230309633821, 3.1795632344398403, 3.1356809464491815, 3.1101902776449579, 3.0681047934819183, 3.036407697852574], "val_acc": [0.050735498195947824, 0.079489314458517771, 0.092034415758023347, 0.10147099638693273, 0.10907577018488986, 0.11562586732616102, 0.12595059671337128, 0.13361087981244441, 0.1442131556936545, 0.14748820427090731, 0.14726616707802348, 0.15037468775689122, 0.15553705244305199, 0.1600333055737215, 0.15603663612662705, 0.16741604217383188, 0.16480710518515643, 0.16469608658954166, 0.16441854008892462, 0.15964474048410693, 0.16636136552541744, 0.16669442130729883, 0.16319733554212509, 0.16286427976024373, 0.16436303080269737], "val_loss": [4.2645476560410014, 4.0806605119887838, 3.9561007754987325, 3.8679455007541983, 3.8211943473942971, 3.7808324519640997, 3.709512962158144, 3.6729693670190775, 3.6347333260519519, 3.5899987665706301, 3.6067141976384298, 3.5620178596397061, 3.5628128878646117, 3.5253148281537854, 3.571427176893998, 3.491058293945287, 3.5137382892446651, 3.5117511878038759, 3.5232156974290629, 3.5514219368493394, 3.5688412285036355, 3.5364021758784396, 3.5974707530268093, 3.5747613623246135, 3.623791481751784]}