{"acc": [0.021697452346854156, 0.029495262323626637, 0.037588024923496666, 0.052317221546838516, 0.07499170445760886, 0.10572208089130632, 0.14469269623127201, 0.18552520000595735, 0.23811893965520853, 0.28947756516279882, 0.33814474799875371, 0.38867381925898986, 0.43512885743496721, 0.48270840246505198, 0.53548648749613348, 0.58382184861556607, 0.63560446851685903, 0.68250193563757777, 0.72497511336582188, 0.76851749439724371, 0.79902665636310299, 0.8320244810875066, 0.85272646830443488, 0.87505069499750143, 0.89027762417420042], "loss": [4.5349437930883436, 4.4380051339792956, 4.3484597660572843, 4.212279111925965, 4.0505727857358993, 3.8556024451235231, 3.6394552149454613, 3.396934291375262, 3.1295267873706445, 2.8715763497096805, 2.6297377324607991, 2.4007474361731629, 2.1749221333025286, 1.9624011265520844, 1.7477833229026687, 1.5327244021611874, 1.3354867765458069, 1.14792250603722, 0.9744549280764786, 0.81770427168652848, 0.70772741916445736, 0.59051636708669242, 0.51314245530014801, 0.44012344141234228, 0.38538613035701896], "val_acc": [0.026533444350274642, 0.030197058003907595, 0.045129059115747862, 0.061559811258461619, 0.084485151257873606, 0.12706078267117324, 0.16591729113964979, 0.19178462391623582, 0.24235359421214428, 0.26866500137284371, 0.29814043850690963, 0.33616430750000387, 0.3484318623220527, 0.37485428806347809, 0.37973910627714502, 0.37324451843864415, 0.38839855673344242, 0.37213433249076805, 0.37740771576758064, 0.38351373853135567, 0.37946155979472534, 0.37379961141671797, 0.3783513738385777, 0.38329170134178042, 0.38795448235760061], "val_loss": [4.5092862647737091, 4.392093108582424, 4.2876062955387821, 4.157117384974903, 4.0146933877200111, 3.7564198973309222, 3.5180705654531792, 3.4058811852907493, 3.1107756974926732, 2.949573581350402, 2.8393124230993876, 2.6494992156112125, 2.5777902529698227, 2.5464392697979865, 2.5665599662728882, 2.6003661581055839, 2.5956478508650975, 2.7700758318883856, 2.8743478108140583, 3.0614000121256129, 3.2567072202389751, 3.5209393072088591, 3.4408033700509431, 3.5461390748739969, 3.7137679245350861]}