{"acc": [0.026840688714649948, 0.043616119160997134, 0.060612764074907836, 0.073461637722242942, 0.086365814991241768, 0.099675552112244048, 0.1153633447610993, 0.12823065294697455, 0.14209342624176147, 0.1577812188922649, 0.17477786380123109, 0.18948862589276286, 0.20418095343105824, 0.21933414445963995, 0.23485602625737617, 0.24777863805186709, 0.26011134461362301, 0.27603878627105416, 0.28842679645241359, 0.30354311839430065, 0.31137779744348354, 0.32536961251258395, 0.3320429155978904, 0.34223721565382936, 0.35176787228441536], "loss": [4.4953863594123531, 4.2987051535790171, 4.166303277143145, 4.059473519514599, 3.9699215572703022, 3.8824931411217856, 3.7972754401117768, 3.7071427486465245, 3.6176566106135728, 3.5256385393771734, 3.4358993869736207, 3.3467617448406557, 3.2617788419951004, 3.1690904233139472, 3.0897829656829852, 3.0135961091039771, 2.931907226284868, 2.855858377864815, 2.7922750343260447, 2.7232143737589176, 2.6646798103646718, 2.6019391501516393, 2.5553494084133219, 2.4969026111059476, 2.4471172489072308], "val_acc": [0.044684984733288795, 0.060227588119355961, 0.081043574797124485, 0.10102692200116505, 0.1125173466539105, 0.12778240354597784, 0.14116014431921139, 0.14671107409333242, 0.16108798223371609, 0.16480710517357627, 0.16946988619932227, 0.17441021370252502, 0.17907299471834517, 0.1764085484202822, 0.17363308353653029, 0.18029419927341622, 0.19000832637812803, 0.17879544822434534, 0.17990563418876454, 0.17829586455235044, 0.17391063001729568, 0.17268942547545907, 0.17163474880719298, 0.16808215374752047, 0.1629752983591671], "val_loss": [4.3186354310519821, 4.1735477829455929, 4.0198520001324889, 3.9451318131927779, 3.8616454887284259, 3.747002931359805, 3.6884676087872044, 3.6987440733918873, 3.5602254069384158, 3.5220739381034738, 3.4799385210159519, 3.4448064833457623, 3.4537870544081026, 3.4663023310769043, 3.4809465842282741, 3.4901674319200309, 3.4365832361353128, 3.4636986249557906, 3.5213314094644037, 3.5430156242175794, 3.5951420149404805, 3.6284134078283889, 3.601280581246407, 3.6644459806082814, 3.7908322213326695]}